Date,Open,High,Low,Close,Volume_Titres,Volume_FCFA,Variation_Pct
2025-01-15,4855.0,4885.0,4855.0,4885.0,3911,19046570,0.0072
2025-01-16,4885.0,4885.0,4885.0,4885.0,1170,5715450,0.0
2025-01-17,4855.0,4885.0,4885.0,4855.0,1276,6214120,-0.0060999999999999995
2025-01-20,4855.0,4855.0,4855.0,4855.0,1460,7088300,0.0
2025-01-21,4860.0,4860.0,4860.0,4860.0,549,2668140,0.001
2025-01-22,4855.0,4860.0,4855.0,4860.0,822,3992865,0.0
2025-01-23,4730.0,4850.0,4850.0,4730.0,8994,43081260,-0.026699999999999998
2025-01-24,4660.0,4725.0,4660.0,4725.0,7627,35789698,-0.0011
2025-01-27,4705.0,4720.0,4720.0,4705.0,721,3397713,-0.0042
2025-01-28,4705.0,4705.0,4705.0,4705.0,2739,12886995,0.0
2025-01-29,4700.0,4715.0,4700.0,4715.0,2777,13072728,0.0021
2025-01-30,4600.0,4720.0,4720.0,4600.0,5746,26776360,-0.024399999999999998
2025-01-31,4600.0,4650.0,4600.0,4650.0,1831,8468375,0.0109
2025-02-03,4600.0,4695.0,4600.0,4695.0,1035,4810163,0.0097
2025-02-04,4600.0,4695.0,4695.0,4600.0,4635,21541163,-0.0202
2025-02-05,4600.0,4695.0,4600.0,4695.0,883,4103743,0.0207
2025-02-06,4610.0,4710.0,4610.0,4710.0,5497,25616020,0.0032
2025-02-07,4710.0,4795.0,4710.0,4795.0,6069,28842923,0.018000000000000002
2025-02-10,4755.0,4795.0,4795.0,4755.0,2601,12419775,-0.0083
2025-02-11,4610.0,4755.0,4755.0,4610.0,6495,30412838,-0.0305
2025-02-12,4800.0,4855.0,4855.0,4800.0,1186,5725415,0.0412
2025-02-13,4840.0,4845.0,4840.0,4845.0,2248,10885940,0.009399999999999999
2025-02-14,4840.0,4845.0,4840.0,4845.0,5941,28769293,0.0
2025-02-17,4850.0,4900.0,4850.0,4900.0,2862,13952250,0.011399999999999999
2025-02-18,4985.0,4990.0,4990.0,4985.0,699,3486263,0.0173
2025-02-19,4995.0,5100.0,4995.0,5100.0,10234,51656115,0.0231
2025-02-20,5100.0,5375.0,5100.0,5375.0,3723,19499213,0.053899999999999997
2025-02-21,5360.0,5690.0,5360.0,5690.0,4441,24536525,0.058600000000000006
2025-02-24,5680.0,5950.0,5680.0,5950.0,6120,35587800,0.045700000000000005
2025-02-25,5895.0,5990.0,5990.0,5895.0,6184,36748420,-0.0092
2025-02-26,5800.0,5890.0,5890.0,5800.0,4968,29037960,-0.0161
2025-02-28,5780.0,5795.0,5795.0,5780.0,8033,46490988,-0.0034000000000000002
2025-03-03,5700.0,5740.0,5740.0,5700.0,5833,33364760,-0.0138
2025-03-04,5700.0,5750.0,5750.0,5700.0,7378,42239050,0.0
2025-03-05,5690.0,5700.0,5700.0,5690.0,1484,8451380,-0.0018
2025-03-06,5670.0,5675.0,5675.0,5670.0,4681,26552973,-0.0034999999999999996
2025-03-07,5670.0,5685.0,5670.0,5685.0,3947,22409093,0.0026
2025-03-10,5605.0,5685.0,5605.0,5685.0,1975,11148875,0.0
2025-03-11,5685.0,5700.0,5685.0,5700.0,3660,20834550,0.0026
2025-03-12,5700.0,5700.0,5700.0,5700.0,14553,82952100,0.0
2025-03-13,5680.0,5700.0,5700.0,5680.0,3458,19676020,-0.0034999999999999996
2025-03-14,5700.0,5700.0,5700.0,5700.0,5489,31287300,0.0034999999999999996
2025-03-17,5775.0,5800.0,5800.0,5775.0,431,2494413,0.0132
2025-03-18,5775.0,6125.0,5775.0,6125.0,8069,48010550,0.060599999999999994
2025-03-19,5700.0,6105.0,5700.0,6105.0,15135,89334338,-0.0033
2025-03-20,6095.0,6125.0,6125.0,6095.0,4328,26444080,-0.0016
2025-03-21,6105.0,6125.0,6105.0,6125.0,4955,30299825,0.0049
2025-03-24,6100.0,6125.0,6125.0,6100.0,6645,40617563,-0.0040999999999999995
2025-03-25,6100.0,6150.0,6150.0,6100.0,5843,35788375,0.0
2025-03-26,6100.0,6110.0,6100.0,6110.0,1297,7918185,0.0016
2025-03-27,6100.0,6110.0,6100.0,6110.0,1297,7918185,0.0
2025-03-28,6110.0,6110.0,6110.0,6110.0,15374,93935140,0.0
2025-03-31,6110.0,6110.0,6110.0,6110.0,15374,93935140,0.0
2025-04-01,6010.0,6110.0,6110.0,6010.0,2879,17446740,-0.016399999999999998
2025-04-02,6090.0,6100.0,6100.0,6090.0,5276,32157220,0.013300000000000001
2025-04-03,6090.0,6100.0,6100.0,6090.0,8694,52989930,0.0
2025-04-04,6000.0,6000.0,6000.0,6000.0,6077,36462000,-0.0148
2025-04-07,5850.0,6000.0,5850.0,6000.0,12654,74974950,0.0
2025-04-08,5985.0,6000.0,6000.0,5985.0,2838,17006715,-0.0025
2025-04-09,5605.0,5830.0,5830.0,5605.0,2644,15117070,-0.0635
2025-04-10,5800.0,5890.0,5890.0,5800.0,2032,11877040,0.0348
2025-04-11,5900.0,5950.0,5900.0,5950.0,2758,16341150,0.0259
2025-04-14,5980.0,6000.0,5980.0,6000.0,1347,8068530,0.0084
2025-04-16,5905.0,6000.0,5905.0,6000.0,3290,19583725,0.0008
2025-04-17,5995.0,5995.0,5995.0,5995.0,1974,11834130,-0.0008
2025-04-18,5990.0,6000.0,6000.0,5990.0,917,5497415,-0.0008
2025-04-21,5990.0,6000.0,6000.0,5990.0,917,5497415,0.0
2025-04-22,5990.0,6000.0,5990.0,6000.0,2903,17403485,0.0017000000000000001
2025-04-23,6000.0,6100.0,6000.0,6100.0,25685,155394250,0.0167
2025-04-24,6100.0,6100.0,6100.0,6100.0,4305,26260500,0.0
2025-04-25,6095.0,6095.0,6095.0,6095.0,4187,25519765,-0.0008
2025-04-28,6060.0,6150.0,6150.0,6060.0,10131,61849755,-0.005699999999999999
2025-04-29,6055.0,6090.0,6055.0,6090.0,7681,46642873,0.005
2025-04-30,6060.0,6100.0,6060.0,6100.0,2632,16002560,0.0016
2025-05-01,6060.0,6100.0,6060.0,6100.0,2632,16002560,0.0
2025-05-02,6090.0,6100.0,6090.0,6100.0,5229,31870755,0.0
2025-05-05,6050.0,6095.0,6095.0,6050.0,1654,10043915,-0.008199999999999999
2025-05-06,6050.0,6095.0,6095.0,6050.0,4294,26075315,0.0
2025-05-07,6085.0,6095.0,6085.0,6095.0,3633,22124970,0.0074
2025-05-08,6095.0,6200.0,6095.0,6200.0,2736,16819560,0.0172
2025-05-09,6200.0,6245.0,6200.0,6245.0,4349,27061653,0.0073
2025-05-12,6250.0,6255.0,6250.0,6255.0,23070,144245175,0.0016
2025-05-13,6250.0,6255.0,6255.0,6250.0,3789,23690723,-0.0008
2025-05-14,6200.0,6245.0,6245.0,6200.0,4005,24921113,-0.008
2025-05-15,6125.0,6200.0,6200.0,6125.0,3235,19935688,-0.0121
2025-05-16,5990.0,5990.0,5990.0,5990.0,2107,12620930,-0.022000000000000002
2025-05-19,6105.0,6200.0,6200.0,6105.0,10647,65505668,0.0192
2025-05-20,5990.0,6105.0,6105.0,5990.0,2893,17495418,-0.018799999999999997
2025-05-21,5900.0,5900.0,5900.0,5900.0,4160,24544000,-0.015
2025-05-22,5800.0,5840.0,5840.0,5800.0,10999,64014180,-0.0169
2025-05-23,5800.0,5950.0,5800.0,5950.0,2012,11820500,0.0259
2025-05-26,5950.0,5950.0,5950.0,5950.0,9511,56590450,0.0
2025-05-27,5990.0,5995.0,5995.0,5990.0,2447,14663648,0.0067
2025-05-28,5940.0,5990.0,5990.0,5940.0,4094,24420710,-0.0083
2025-05-29,5940.0,5990.0,5990.0,5940.0,4094,24420710,0.0
2025-05-30,5950.0,5950.0,5950.0,5950.0,7996,47576200,0.0017000000000000001
2025-06-02,5950.0,5950.0,5950.0,5950.0,2852,16969400,0.0
2025-06-03,5750.0,5950.0,5950.0,5750.0,7968,46612800,-0.0336
2025-06-04,5800.0,5805.0,5800.0,5805.0,4114,23871485,0.0096
2025-06-05,5800.0,5860.0,5860.0,5800.0,2980,17373400,-0.0009
2025-06-10,5800.0,6000.0,5800.0,6000.0,26087,153913300,0.0345
2025-06-11,5955.0,6105.0,5955.0,6105.0,1610,9708300,0.0175
2025-06-12,6050.0,6190.0,6050.0,6190.0,4344,26585280,0.0139
2025-06-13,6005.0,6120.0,6120.0,6005.0,14141,85729813,-0.029900000000000003
2025-06-16,6010.0,6190.0,6190.0,6010.0,8886,54204600,0.0008
2025-06-17,6010.0,6100.0,6010.0,6100.0,19680,119162400,0.015
2025-06-18,6200.0,6295.0,6200.0,6295.0,4695,29332013,0.032
2025-06-19,6120.0,6295.0,6295.0,6120.0,3120,19367400,-0.0278
2025-06-20,6285.0,6300.0,6285.0,6300.0,1652,10395210,0.0294
2025-06-23,6285.0,6295.0,6285.0,6295.0,1397,8787130,-0.0008
2025-06-24,6150.0,6150.0,6150.0,6150.0,4387,26980050,-0.023
2025-06-25,6120.0,6150.0,6150.0,6120.0,33170,203497950,-0.0049
2025-06-26,6150.0,6290.0,6290.0,6150.0,6597,41033340,0.0049
2025-06-27,6020.0,6140.0,6020.0,6140.0,4460,27116800,-0.0016
2025-06-30,6120.0,6140.0,6140.0,6120.0,1974,12100620,-0.0033
2025-07-01,6100.0,6140.0,6140.0,6100.0,953,5832360,-0.0033
2025-07-02,6100.0,6120.0,6100.0,6120.0,22794,139271340,0.0033
2025-07-03,5920.0,6120.0,6120.0,5920.0,1688,10161760,-0.0327
2025-07-04,5990.0,6000.0,5990.0,6000.0,2151,12895245,0.013500000000000002
2025-07-07,5900.0,6000.0,5900.0,6000.0,7096,42221200,0.0
2025-07-08,5960.0,6000.0,6000.0,5960.0,1715,10255700,-0.0067
2025-07-09,5955.0,5990.0,5955.0,5990.0,3226,19267285,0.005
2025-07-10,5995.0,5995.0,5995.0,5995.0,2726,16342370,0.0008
2025-07-11,5995.0,5995.0,5995.0,5995.0,9429,56526855,0.0
